{"cameraMode":{"drawMode":0,"name":"Shaded","section":"Shading Mode"},"sceneLighting":false,"audioPlay":false,"sceneViewState":{"m_AlwaysRefresh":false,"showFog":true,"showSkybox":false,"showFlares":true,"showImageEffects":true,"showParticleSystems":true,"showVisualEffectGraphs":true,"m_FxEnabled":true},"in2DMode":false,"pivot":{"x":446.0596618652344,"y":21.483163833618165,"z":433.9338073730469},"rotation":{"x":0.14916560053825379,"y":-0.3587946891784668,"z":0.058200135827064517,"w":0.9195817112922669},"size":2.5159566402435304,"orthographic":false}